[{"Name": "Farm employment", "Current_Employment(2016)": "1102", "Employment_Projection(2040)": "680"}, {"Name": "Transportation and warehousing", "Current_Employment(2016)": "2125", "Employment_Projection(2040)": "1755"}, {"Name": "Management of companies and enterprises", "Current_Employment(2016)": "835", "Employment_Projection(2040)": "1006"}, {"Name": "Manufacturing", "Current_Employment(2016)": "3134", "Employment_Projection(2040)": "1710"}, {"Name": "Construction", "Current_Employment(2016)": "5513", "Employment_Projection(2040)": "2464"}, {"Name": "Accommodation and food services", "Current_Employment(2016)": "9647", "Employment_Projection(2040)": "9413"}, {"Name": "Federal Military", "Current_Employment(2016)": "440", "Employment_Projection(2040)": "459"}, {"Name": "Finance and insurance", "Current_Employment(2016)": "8346", "Employment_Projection(2040)": "8318"}, {"Name": "Total employment", "Current_Employment(2016)": "125998", "Employment_Projection(2040)": "114630"}, {"Name": "Arts entertainment and recreation", "Current_Employment(2016)": "2225", "Employment_Projection(2040)": "2626"}, {"Name": "Utilities", "Current_Employment(2016)": "299", "Employment_Projection(2040)": "416"}, {"Name": "Real estate and rental and leasing", "Current_Employment(2016)": "3826", "Employment_Projection(2040)": "4805"}, {"Name": "Educational services", "Current_Employment(2016)": "2523", "Employment_Projection(2040)": "3998"}, {"Name": "Local government", "Current_Employment(2016)": "10036", "Employment_Projection(2040)": "10173"}, {"Name": "Health care and social assistance", "Current_Employment(2016)": "20639", "Employment_Projection(2040)": "25886"}, {"Name": "Other services", "Current_Employment(2016)": "8943", "Employment_Projection(2040)": "10066"}, {"Name": "Information", "Current_Employment(2016)": "1854", "Employment_Projection(2040)": "-902"}, {"Name": "Administrative and support and waste management and remediation services", "Current_Employment(2016)": "7879", "Employment_Projection(2040)": "11891"}, {"Name": "Wholesale trade", "Current_Employment(2016)": "4289", "Employment_Projection(2040)": "4927"}, {"Name": "State government", "Current_Employment(2016)": "8298", "Employment_Projection(2040)": "-8982"}, {"Name": "Professional, scientific, and technical services", "Current_Employment(2016)": "7167", "Employment_Projection(2040)": "7268"}, {"Name": "Retail trade", "Current_Employment(2016)": "14817", "Employment_Projection(2040)": "15233"}, {"Name": "Federal civilian", "Current_Employment(2016)": "1724", "Employment_Projection(2040)": "1104"}]


export default data;